
/*Escuelas*/
INSERT INTO `schools` (`id`, `name`, `address`, `district_id`, `country_id`, `created_at`, `updated_at`) VALUES (NULL, 'SEGUNDO CABRERA MUÑOZ', 'JR SAN MARTIN 000', '1', '1', NULL, NULL);

/*Creacion de entidades*/
INSERT INTO `entities`(`id`, `father_lastname`, `mother_lastname`, `name`,  `document_type`, `document_number`, `district_id`) VALUES
    (100,'ARÉVALO LÓPEZ','-','MIDORY ROSSAMBETH','dni','78110771', 1),
    (101,'AYRES MARTOS','-','ARIANA FABIOLA','dni','70991742', 1),
    (102,'BRAVO SALAZAR','-','MARIO ALESSANDRO','dni','75717261', 1),
    (103,'CALDERON CURE','-','GABRIELA LISETH','dni','71396728', 1),
    (104,'CÁRDENAS MEJÍA','-','ADRIANA NICOLL','dni','71688643', 1),
    (105,'CHILÓN ALVARADO','-','JORGE JHUNIOR','dni','77180074', 1),
    (106,'COBA SILVA','-','PABLO FABRIZIO','dni','76919913', 1),
    (107,'DÍAZ GARCÍA','-','ALLEY STACEY','dni','70818087', 1),
    (108,'FLORES CELIS','-','IMANOL YAIR','dni','72756293', 1),
    (109,'JARA PASAPERA','-','LOURDES','dni','71562393', 1),
    (110,'LESCANO LEAL','-','DANIELA ALEJANDRA','dni','76229324', 1),
    (111,'MALCA LLANOS','-','ESTEFANY BRIGITTE','dni','75971168', 1),
    (112,'MELGAR ESTELA','-','JOSÉ CARLOS ALEXANDER','dni','72210922', 1),
    (113,'RUIZ QUIROZ','-','ANDERSON ALEXIS','dni','76471546', 1),
    (114,'SALCEDO CABRERA','-','JACK RENATO','dni','72708742', 1),
    (115,'SÁNCHEZ FERNÁNDEZ','-','ABIHAIL ESTHER','dni','76729268', 1),
    (116,'SÁNCHEZ HUAMÁN','-','ANDY JEFERSON','dni','72860713', 1),
    (117,'SULLA FLORES','-','ALVARO MAURICIO','dni','74060581', 1),
    (118,'VARGAS QUIROZ','-','RENZZO ENRIQUE','dni','71569716', 1),
    (119,'VÁSQUEZ ALVARADO','-','LEONARDO ISIDRO','dni','72882291', 1),
    (120,'VÁSQUEZ GOICOCHEA','-','KAREN REGINA NICOLLE','dni','73112325', 1),
    (121,'VÁSQUEZ VÁSQUEZ','-','ENRIQUE SEBÁSTIAN','dni','71788717', 1),
    (122,'EPQUIN GOICOCHEA','-','LIESEL ALEJANDRA','dni','74129419', 1),
    (123,'FLORES GUZMAN','-','ARTURO DANIEL','dni','74025976', 1),
    (124,'GARCÍA VALDERRAMA','-','MARÍA PAULA','dni','74402147', 1),
    (125,'IBÁÑEZ CHÁVEZ','-','JOSÉ MATIAS','dni','72155223', 1),
    (126,'MOYANO ABANTO','-','LUIS EMANUEL','dni','72357565', 1),
    (127,'PAJARES GÁLVEZ','-','LUIS RODRIGO','dni','74311413', 1),
    (128,'SILVA SANTISTEBAN GÁLVEZ','-','DIEGO','dni','76397469', 1),
    (129,'TRUJILLO GARCIA','-','ADRIANA VIVIANA','dni','133333', 1),
    (130,'ZAVALETA PORTILLA','-','MASIEL ALEJANDRA','dni','74692314', 1),
    (131,'CASTREJÓN DURAND','-','JORDAN WALTER RAÚL','dni','1234521', 1),
    (132,'GARCÍA VALDERRAMA','-','JORGE ALONSO','dni','74406212', 1),
    (133,'GIANOTTI GALLESI','-','MARCIA MARÍA','dni','73948621', 1),
    (134,'HERRERA CHUQUILÍN','-','JUDITH ALEJANDRA','dni','77098682', 1),
    (135,'LLAUCA JUÁREZ','-','JIMMY JEFERSON ANGELO','dni','73121021', 1),
    (136,'MONJE USCAPI','-','ANA ALEJANDRA','dni','70336724', 1),
    (137,'MORALES LINARES','-','BRIAN RODRIGO','dni','71788121', 1),
    (138,'RUIZ CUEVA','-','FRANKLIN JEANPOOL','dni','76261562', 1),
    (139,'VÁSQUEZ ALVARADO','-','MAURICIO ALBERTO ','dni','72871787', 1),
    (140,'VÁSQUEZ SALAZAR','-','DIEGO HUMBERTO','dni','72737482', 1),
    (141,'ALBÁN FERNÁNDEZ','-','SILVIA MARÍA TRIXIE','dni','70692494', 1),
    (142,'ALIAGA CHÁVEZ','-','RENATO ANDRÉ','dni','73499074', 1),
    (143,'BAZAN SOTO','-','DIEGO JAHIR','dni','72315057', 1),
    (144,'BELLO SILVA','-','DANNA XIMENA','dni','71249982', 1),
    (145,'BOÑÓN LIMAY','-','GUILLERMO ALEXANDER','dni','75828724', 1),
    (146,'CABANILLAS SOTO','-','JOSÉ MANUEL','dni','70450305', 1),
    (147,'CARATT PADILLA','-','IVAN GUILLERMO','dni','12312331', 1),
    (148,'CASTAÑEDA SÁNCHEZ','-','JULIO EMANUEL','dni','72023393', 1),
    (149,'CHURA ESTRAVER','-','NINOSKA KAMILA','dni','71256735', 1),
    (150,'CONDORI CULQUI','-','CAMILA ADRIANA','dni','73513254', 1),
    (151,'CULQUI SALAZAR','-','RAÚL ENRIQUE','dni','72777163', 1),
    (152,'DE LA CRUZ AGUILAR','-','ELIZABETH MICHELLE','dni','76378793', 1),
    (153,'DE LA TORRE NOVOA','-','VERÓNICA MARIANA','dni','71043582', 1),
    (154,'DÍAZ VILLANUEVA','-','JULIO LEONARDO','dni','72153233', 1),
    (155,'ESTELA PRADO','-','SANDRA VANESSA','dni','71975546', 1),
    (156,'GUERRA ALVAREZ','-','ESTRELLA NATALY','dni','74599500', 1),
    (157,'LLANOS SEMPERTEGUI','-','DIANA JULISSA','dni','70970193', 1),
    (158,'PALACIOS TERÁN','-','ANGGY AMEIRE','dni','72578753', 1),
    (159,'PÉREZ CÁRDENAS','-','HUGO FERNANDO','dni','71505061', 1),
    (160,'RABANAL RODRÍGUEZ','-','LEONARDO','dni','74156378', 1),
    (161,'RAMOS MONTALVO','-','DIANA ALEXANDRA','dni','72702758', 1),
    (162,'RODRÍGUEZ CASTAÑEDA','-','BRIAN ANDRÉ','dni','76156158', 1),
    (163,'RUDAS ALVAREZ','-','RICHARD RONALDO','dni','72604810', 1),
    (164,'RUIZ CUEVA','-','LUIS ENRIQUE','dni','123349885', 1),
    (165,'SALAZAR AGUILAR','-','LUIS EDUARDO','dni','74126828', 1),
    (166,'TRUJILLO GARCIA','-','FLAVIO MILTON','dni','123', 1),
    (167,'VALDIVIA DONAYRE','-','KARLA SOFÍA','dni','74351970', 1),
    (168,'VÁSQUEZ VILLANUEVA','-','KATHERINE VANESSA','dni','72763312', 1),
    (169,'VIGO DOBBERTIN','-','MARCO ADOLFO','dni','72852993', 1),
    (170,'BERNAL YARLEQUE','-','AARON GUILLERMO','dni','75902945', 1),
    (171,'CULQUI SALAZAR','-','ROSA JIMENA','dni','72772162', 1),
    (172,'CULQUITANTE CUEVA','-','HUGO BRANDON','dni','76669460', 1),
    (173,'GAMERO MERCADO','-','RUBÉN','dni','73586542', 1),
    (174,'GUTIERREZ PARI','-','DAVI STEVE','dni','70191779', 1),
    (175,'LLANOS VÁSQUEZ','-','PIERO MARTÍN','dni','73857896', 1),
    (176,'MARCOS VÁSQUEZ','-','ADRIAN MAVERICK','dni','70293492', 1),
    (177,'MOSCOSO LUYO','-','FRANCISCO MIGUEL','dni','74217023', 1),
    (178,'MOYANO ABANTO','-','JACOB JOAQUÍN','dni','72357564', 1),
    (179,'ORE ALVARADO','-','CAROLINA ESPERANZA','dni','73179289', 1),
    (180,'REY CESPEDES','-','VIVIANA JUSSET','dni','578479678', 1),
    (181,'ROJAS SILVA','-','EDWIN JESÚS','dni','76423440', 1),
    (182,'SALCEDO CABRERA','-','ALESSANDRA PAOLA','dni','72708741', 1),
    (183,'SILVA ORTECHO','-','EDDY MARVICK','dni','73804416', 1),
    (184,'SILVA SANTISTEBAN GÁLVEZ','-','SERGIO','dni','76369743', 1),
    (185,'YARO SALAS','-','PAÚL ANTONIO','dni','73108059', 1),
    (186,'AGUIRRE SALAZAR','-','JHAELY ARELLÍ','dni','72608726', 1),
    (187,'BURGA SEMPÉRTEGUI','-','CARLOS LEONARDO','dni','70211307', 1),
    (188,'CANDIA TRAVERSO','-','CRISTIAN','dni','67894669', 1),
    (189,'CHACALIAZA BARRANTES','-','YESSICA MABEL','dni','73143893', 1),
    (190,'CHÁVEZ CHÁVEZ','-','JAMES CRISTHIAN','dni','72021208', 1),
    (191,'CONDORI BARRIOS','-','RICHARD','dni','85974946', 1),
    (192,'DÍAZ VILLANUEVA','-','JUAN ENRIQUE','dni','72153232', 1),
    (193,'DRAGO ABANTO','-','CRISTHEL ELIZABETH','dni','71943171', 1),
    (194,'ESTELA PRADO','-','ERICK EDUARDO','dni','71975545', 1),
    (195,'GUERRA ALVAREZ','-','WENDOLYNE RINA','dni','76079615', 1),
    (196,'HERRERA ATALAYA','-','OBED EMANUEL GONZALO','dni','75817604', 1),
    (197,'LÓPEZ SILVA','-','MARCELO ISIDORO','dni','73248770', 1),
    (198,'MONJE USCAPI','-','MELYSSA','dni','70336723', 1),
    (199,'NUÑEZ QUISPE','-','WALTER JESUS','dni','56888881', 1),
    (200,'PAREDES HUAMÁN','-','YULISSA YARDENY','dni','77156662', 1),
    (201,'PAREDES MENDOZA','-','CHRISTIAN FERNANDO','dni','70917290', 1),
    (202,'QUIROZ CASTILLO','-','ALISON ADRIANA','dni','75068571', 1),
    (203,'QUISPE JULÓN','-','ROYER ALEXANDER','dni','70280696', 1),
    (204,'ROJAS GÁLVEZ','-','CHRISTIAN ADRIAN','dni','75834059', 1),
    (205,'ROJAS RUIZ','-','PAOLO GUISEPPI','dni','70681775', 1),
    (206,'SOVERO PANDURO','-','KRISTELL ALEXANDRA','dni','70605261', 1),
    (207,'VERGARA GÁLVEZ','-','KARLA CECILIA','dni','70866651', 1),
    (208,'YUPANQUI VILLALOBOS','-','ADRIAN GABRIEL','dni','74168438', 1),
    (209,'ABANTO ESCALANTE','-','MARY ALEJANDRA','dni','71393663', 1),
    (210,'ABANTO RODRÍGUEZ','-','DIEGO WALTER','dni','71414988', 1),
    (211,'ABARCA MORO','-','GIANELLA ABIGAIL','dni','76443744', 1),
    (212,'ACUÑA ESTRADA','-','ROY GIANCARLO','dni','73134744', 1),
    (213,'AGAPITO MARCA','-','JASSID AMED','dni','71223099', 1),
    (214,'AGUILAR CASTAÑEDA','-','RODRÍGO DANIEL','dni','73983100', 1),
    (215,'AGUILAR CASTAÑEDA','-','BRYAN BALDO','dni','70249056', 1),
    (216,'AGUILAR CHÁVEZ','-','JHAN KREBERTH','dni','73987123', 1),
    (217,'AGUILAR CHUNQUI','-','JOSÉ ERNESTO','dni','77326490', 1),
    (218,'AGUILAR CORO','-','CLAUDIA EDITH','dni','74230980', 1),
    (219,'AGUILAR MENDOZA','-','FRANCO ADRIÁN','dni','75238451', 1),
    (220,'AGUILAR QUISPE','-','RUTH NOEMI','dni','74236481', 1),
    (221,'AGUILAR SILVA','-','WILLIAM ENRIQUE','dni','7777777', 1),
    (222,'AGUILAR VALDIVIA','-','SELENE JUDITH','dni','71414915', 1),
    (223,'ALAYA MOSQUEIRA','-','FRANK OMAR','dni','71121176', 1),
    (224,'ALAYO COTRINA','-','MIGUEL ALEJANDRO','dni','75825778', 1),
    (225,'ALCALDE GUTIÉRREZ','-','MILUSKA MADELEY','dni','71545125', 1),
    (226,'ALCALDE OLEA','-','DIEGO SANTIAGO','dni','75625015', 1),
    (227,'ALCÁNTARA CABANILLAS','-','ASTRID MARCELA','dni','73248778', 1),
    (228,'ALCÁNTARA CABANILLAS','-','BIANCA VALERIA','dni','73248781', 1),
    (229,'ALCÁNTARA LUCANO','-','MAGYERIN PAOLA','dni','71513094', 1),
    (230,'ALCÁNTARA TAPIA','-','LUIS ANGEL','dni','73208641', 1),
    (231,'ALMONACID MENDOZA','-','MARÍA DE LOS ANGELES','dni','72742595', 1),
    (232,'ALVARADO HUACHO','-','SASHA NICOLE','dni','72625675', 1),
    (233,'ÁLVAREZ TRIGOSO','-','MARCIO DAVID','dni','74062566', 1),
    (234,'AMAMBAL SALAZAR','-','MIGUEL ALFREDO','dni','89001231', 1),
    (235,'AMAMBAL ZAMBRANO','-','MAYKLYN HENRY','dni','76606550', 1),
    (236,'ANTEZANO GRANADOS','-','ABNER FRANCO','dni','123422221', 1),
    (237,'ARANA ALVARADO','-','ZALMA NICOLLE','dni','77435014', 1),
    (238,'ARANA ALVAREZ','-','RODRIGO ALEXANDER','dni','73930699', 1),
    (239,'ARANA CABRERA','-','DIEGO MARCELO','dni','73137391', 1),
    (240,'ARENAS VARGAS','-','ANGIE LUCERO','dni','72486200', 1),
    (241,'AREVALO ALCALDE','-','LAURA FERNANDA','dni','73077261', 1),
    (242,'ARIAS CABRERA','-','CYNTHIA LIZBETH','dni','71268638', 1),
    (243,'ASCOY MONSALVE','-','MARCELO EDUARDO','dni','71443915', 1),
    (244,'ASCOY MONSALVE','-','ALEJANDRO RAFAEL','dni','71443914', 1),
    (245,'ASTOPILCO GALLARDO','-','JOSÉ ALEJANDRO','dni','1230311475', 1),
    (246,'AZULA CUBAS','-','DREISY BRIGITTE','dni','314339830', 1),
    (247,'BALLESTEROS HONORIO','-','CHRISTOPHER ALEJANDRO','dni','71381751', 1),
    (248,'BARBOZA ROMERO','-','MAURICIO DANIEL','dni','72170137', 1),
    (249,'BARBOZA ROMERO','-','BRAYAN MANUEL','dni','72170136', 1),
    (250,'BARBOZA ZELADA','-','JOSE JHONATHAN','dni','75805879', 1),
    (251,'BASAURI RABANAL','-','ANDREA DANIELA','dni','74958759', 1),
    (252,'BASAURI RABANAL','-','MARÍA ALEJANDRA STEPHANY','dni','74958760', 1),
    (253,'BAUTISTA ABANTO','-','MARTHA NAJHELY','dni','71248248', 1),
    (254,'BAUTISTA MENDOZA','-','JOEL LEONARDO','dni','71340767', 1),
    (255,'BAZÁN ALVARADO','-','EMERSON JAZID','dni','71270845', 1),
    (256,'BAZÁN ALVAREZ','-','GIANPIERO RAÚL','dni','74619239', 1),
    (257,'BAZÁN ALVAREZ','-','VALERIA ALEJANDRA','dni','74619237', 1),
    (258,'BAZÁN CABRERA','-','CARLOS ABEL','dni','76035589', 1),
    (259,'BAZÁN MARÍN','-','CÉSAR EDUARDO','dni','71414964', 1),
    (260,'BECERRA MUÑOZ','-','RENSO MARTÍN','dni','78545933', 1),
    (261,'BENAVIDES RUIZ','-','OSCAR ENRIQUE','dni','73086225', 1),
    (262,'BENNETT HUAMÁN','-','NEVILLE STEVEN','dni','72969910', 1),
    (263,'BOBADILLA RUIZ','-','CLAUDIO LEONARDO','dni','74397292', 1),
    (264,'BOYD ORELLANA','-','ALYSSON JUBITH','dni','71447840', 1),
    (265,'BRIONES CABANILLAS','-','SANDRA PAOLA','dni','72635822', 1),
    (266,'BRIONES CABELLOS','-','MARYCIELO','dni','71447912', 1),
    (267,'BURGA CHUQUILÍN','-','YAN FRANCO','dni','76366839', 1),
    (268,'BURGA SAUCEDO','-','NANCY LISBETH','dni','73181526', 1),
    (269,'BUSTAMANTE ABANTO','-','JOSEPH PIER','dni','71330022', 1),
    (270,'BUSTAMANTE FERNÁNDEZ','-','DANY ALEXANDER','dni','75625022', 1),
    (271,'CABALLERO ALVITES','-','BRAYAN ERICK','dni','75318846', 1),
    (272,'CABRERA CORREA','-','WILSON ALEXIS','dni','73273789', 1),
    (273,'CABRERA ZAMORA','-','GLORIA MARÍA','dni','234781456', 1),
    (274,'CABRERA ZELADA','-','DIEGO FABIÁN','dni','73738789', 1),
    (275,'CACHA VILLAORDUÑA','-','XIOMARA JULIETA','dni','74867577', 1),
    (276,'CACHA VILLAORDUÑA','-','MARGIORETH STEFANY','dni','74867576', 1),
    (277,'CACHAY ABANTO','-','JEAN POOL','dni','71576620', 1),
    (278,'CACHY DE LA CRUZ','-','MÉLANY DEL CARMEN','dni','75625017', 1),
    (279,'CACHY DE LA CRUZ','-','MIGUEL EDUARDO','dni','73077268', 1),
    (280,'CAMACHO ZELADA','-','ANGIE YESSENIA','dni','73248771', 1),
    (281,'CARBAJAL CALDERON','-','ANGEL RODRIGO','dni','72486205', 1),
    (282,'CARBAJAL CALDERON','-','GIANPIERRE GIOVANNI','dni','72486829', 1),
    (283,'CARLOS JAUREGUI','-','ARIANNA DE LOS ANGELES','dni','72663938', 1),
    (284,'CARLOS REGALADO','-','LUZ DANNA','dni','72023409', 1),
    (285,'CARMONA MANTILLA','-','SANDRA ESTEFANÍA','dni','73227753', 1),
    (286,'CARO FLORES','-','JOSUE GABRIEL','dni','70844891', 1),
    (287,'CARO FLORES','-','NICOLE STEFANIE','dni','70844859', 1),
    (288,'CARRASCO ESTELA','-','LUIS ALBERTO','dni','73103774', 1),
    (289,'CARRASCO LLUEN','-','GERALDINE ANAHÍ','dni','75726859', 1),
    (290,'CARRERA QUIROZ','-','FIORELLA OLENKA','dni','70216281', 1),
    (291,'CARRERA URIBE','-','YARA MASSIELL','dni','73477933', 1),
    (292,'CARRIÓN ARIAS','-','DIANA VALERIA','dni','70693562', 1),
    (293,'CARRIÓN CARNERO','-','AAROM ALEJANDRO','dni','73786525', 1),
    (294,'CASTAÑEDA VARGAS','-','CRISTHIAN ARÓN','dni','123998671', 1),
    (295,'CASTILLO MALCA','-','DAYANA BRIGHIT','dni','72663934', 1),
    (296,'CASTILLO MALCA','-','SAMUEL LEONARDO','dni','72663931', 1),
    (297,'CASTILLO MEDINA','-','CRISTHIAN JHOEL','dni','77241183', 1),
    (298,'CASTILLO MEDINA','-','MILAGROS LISETH','dni','77241182', 1),
    (299,'CASTREJÓN CALDERÓN','-','ARNHOL ALFREDO','dni','71820271', 1);




/*Estudiantes*/
INSERT INTO `students`(`id`, `entity_id`, `school_id`, `graduation_year` ) VALUES
(100,100,1,2022),
(101,101,1,2022),
(102,102,1,2022),
(103,103,1,2022),
(104,104,1,2022),
(105,105,1,2022),
(106,106,1,2022),
(107,107,1,2022),
(108,108,1,2022),
(109,109,1,2022),
(110,110,1,2022),
(111,111,1,2022),
(112,112,1,2022),
(113,113,1,2022),
(114,114,1,2022),
(115,115,1,2022),
(116,116,1,2022),
(117,117,1,2022),
(118,118,1,2022),
(119,119,1,2022),
(120,120,1,2022),
(121,121,1,2022),
(122,122,1,2022),
(123,123,1,2022),
(124,124,1,2022),
(125,125,1,2022),
(126,126,1,2022),
(127,127,1,2022),
(128,128,1,2022),
(129,129,1,2022),
(130,130,1,2022),
(131,131,1,2022),
(132,132,1,2022),
(133,133,1,2022),
(134,134,1,2022),
(135,135,1,2022),
(136,136,1,2022),
(137,137,1,2022),
(138,138,1,2022),
(139,139,1,2022),
(140,140,1,2022),
(141,141,1,2022),
(142,142,1,2022),
(143,143,1,2022),
(144,144,1,2022),
(145,145,1,2022),
(146,146,1,2022),
(147,147,1,2022),
(148,148,1,2022),
(149,149,1,2022),
(150,150,1,2022),
(151,151,1,2022),
(152,152,1,2022),
(153,153,1,2022),
(154,154,1,2022),
(155,155,1,2022),
(156,156,1,2022),
(157,157,1,2022),
(158,158,1,2022),
(159,159,1,2022),
(160,160,1,2022),
(161,161,1,2022),
(162,162,1,2022),
(163,163,1,2022),
(164,164,1,2022),
(165,165,1,2022),
(166,166,1,2022),
(167,167,1,2022),
(168,168,1,2022),
(169,169,1,2022),
(170,170,1,2022),
(171,171,1,2022),
(172,172,1,2022),
(173,173,1,2022),
(174,174,1,2022),
(175,175,1,2022),
(176,176,1,2022),
(177,177,1,2022),
(178,178,1,2022),
(179,179,1,2022),
(180,180,1,2022),
(181,181,1,2022),
(182,182,1,2022),
(183,183,1,2022),
(184,184,1,2022),
(185,185,1,2022),
(186,186,1,2022),
(187,187,1,2022),
(188,188,1,2022),
(189,189,1,2022),
(190,190,1,2022),
(191,191,1,2022),
(192,192,1,2022),
(193,193,1,2022),
(194,194,1,2022),
(195,195,1,2022),
(196,196,1,2022),
(197,197,1,2022),
(198,198,1,2022),
(199,199,1,2022),
(200,200,1,2022),
(201,201,1,2022),
(202,202,1,2022),
(203,203,1,2022),
(204,204,1,2022),
(205,205,1,2022),
(206,206,1,2022),
(207,207,1,2022),
(208,208,1,2022),
(209,209,1,2022),
(210,210,1,2022),
(211,211,1,2022),
(212,212,1,2022),
(213,213,1,2022),
(214,214,1,2022),
(215,215,1,2022),
(216,216,1,2022),
(217,217,1,2022),
(218,218,1,2022),
(219,219,1,2022),
(220,220,1,2022),
(221,221,1,2022),
(222,222,1,2022),
(223,223,1,2022),
(224,224,1,2022),
(225,225,1,2022),
(226,226,1,2022),
(227,227,1,2022),
(228,228,1,2022),
(229,229,1,2022),
(230,230,1,2022),
(231,231,1,2022),
(232,232,1,2022),
(233,233,1,2022),
(234,234,1,2022),
(235,235,1,2022),
(236,236,1,2022),
(237,237,1,2022),
(238,238,1,2022),
(239,239,1,2022),
(240,240,1,2022),
(241,241,1,2022),
(242,242,1,2022),
(243,243,1,2022),
(244,244,1,2022),
(245,245,1,2022),
(246,246,1,2022),
(247,247,1,2022),
(248,248,1,2022),
(249,249,1,2022),
(250,250,1,2022),
(251,251,1,2022),
(252,252,1,2022),
(253,253,1,2022),
(254,254,1,2022),
(255,255,1,2022),
(256,256,1,2022),
(257,257,1,2022),
(258,258,1,2022),
(259,259,1,2022),
(260,260,1,2022),
(261,261,1,2022),
(262,262,1,2022),
(263,263,1,2022),
(264,264,1,2022),
(265,265,1,2022),
(266,266,1,2022),
(267,267,1,2022),
(268,268,1,2022),
(269,269,1,2022),
(270,270,1,2022),
(271,271,1,2022),
(272,272,1,2022),
(273,273,1,2022),
(274,274,1,2022),
(275,275,1,2022),
(276,276,1,2022),
(277,277,1,2022),
(278,278,1,2022),
(279,279,1,2022),
(280,280,1,2022),
(281,281,1,2022),
(282,282,1,2022),
(283,283,1,2022),
(284,284,1,2022),
(285,285,1,2022),
(286,286,1,2022),
(287,287,1,2022),
(288,288,1,2022),
(289,289,1,2022),
(290,290,1,2022),
(291,291,1,2022),
(292,292,1,2022),
(293,293,1,2022),
(294,294,1,2022),
(295,295,1,2022),
(296,296,1,2022),
(297,297,1,2022),
(298,298,1,2022),
(299,299,1,2022);


/*Matriculas*/
INSERT INTO `enrollments`(`id`, `code`, `student_id`, `classroom_id`, `user_id`, `career_id`, `payment_type`, `period_cost`)  VALUES
(100,'000100',100,1,3,10,'cash', 200),
(101,'000101',101,1,3,10,'cash', 200),
(102,'000102',102,1,3,10,'cash', 200),
(103,'000103',103,1,3,10,'cash', 200),
(104,'000104',104,1,3,10,'cash', 200),
(105,'000105',105,1,3,10,'cash', 200),
(106,'000106',106,1,3,10,'cash', 200),
(107,'000107',107,1,3,10,'cash', 200),
(108,'000108',108,1,3,10,'cash', 200),
(109,'000109',109,1,3,10,'cash', 200),
(110,'000110',110,1,3,10,'cash', 200),
(111,'000111',111,1,3,10,'cash', 200),
(112,'000112',112,1,3,10,'cash', 200),
(113,'000113',113,1,3,10,'cash', 200),
(114,'000114',114,1,3,10,'cash', 200),
(115,'000115',115,1,3,10,'cash', 200),
(116,'000116',116,1,3,10,'cash', 200),
(117,'000117',117,1,3,10,'cash', 200),
(118,'000118',118,1,3,10,'cash', 200),
(119,'000119',119,1,3,10,'cash', 200),
(120,'000120',120,1,3,10,'cash', 200),
(121,'000121',121,1,3,10,'cash', 200),
(122,'000122',122,1,3,10,'cash', 200),
(123,'000123',123,1,3,10,'cash', 200),
(124,'000124',124,1,3,10,'cash', 200),
(125,'000125',125,1,3,10,'cash', 200),
(126,'000126',126,1,3,10,'cash', 200),
(127,'000127',127,1,3,10,'cash', 200),
(128,'000128',128,1,3,10,'cash', 200),
(129,'000129',129,1,3,10,'cash', 200),
(130,'000130',130,1,3,10,'cash', 200),
(131,'000131',131,1,3,10,'cash', 200),
(132,'000132',132,1,3,10,'cash', 200),
(133,'000133',133,1,3,10,'cash', 200),
(134,'000134',134,1,3,10,'cash', 200),
(135,'000135',135,1,3,10,'cash', 200),
(136,'000136',136,1,3,10,'cash', 200),
(137,'000137',137,1,3,10,'cash', 200),
(138,'000138',138,1,3,10,'cash', 200),
(139,'000139',139,1,3,10,'cash', 200),
(140,'000140',140,1,3,10,'cash', 200),
(141,'000141',141,1,3,10,'cash', 200),
(142,'000142',142,1,3,10,'cash', 200),
(143,'000143',143,1,3,10,'cash', 200),
(144,'000144',144,1,3,10,'cash', 200),
(145,'000145',145,1,3,10,'cash', 200),
(146,'000146',146,1,3,10,'cash', 200),
(147,'000147',147,1,3,10,'cash', 200),
(148,'000148',148,2,3,10,'cash', 280),
(149,'000149',149,2,3,10,'cash', 280),
(150,'000150',150,2,3,10,'cash', 280),
(151,'000151',151,2,3,10,'cash', 280),
(152,'000152',152,2,3,10,'cash', 280),
(153,'000153',153,2,3,10,'cash', 280),
(154,'000154',154,2,3,10,'cash', 280),
(155,'000155',155,2,3,10,'cash', 280),
(156,'000156',156,2,3,10,'cash', 280),
(157,'000157',157,2,3,10,'cash', 280),
(158,'000158',158,2,3,10,'cash', 280),
(159,'000159',159,2,3,10,'cash', 280),
(160,'000160',160,2,3,10,'cash', 280),
(161,'000161',161,2,3,10,'cash', 280),
(162,'000162',162,2,3,10,'cash', 280),
(163,'000163',163,2,3,10,'cash', 280),
(164,'000164',164,2,3,10,'cash', 280),
(165,'000165',165,2,3,10,'cash', 280),
(166,'000166',166,2,3,10,'cash', 280),
(167,'000167',167,2,3,10,'cash', 280),
(168,'000168',168,2,3,10,'cash', 280),
(169,'000169',169,2,3,10,'cash', 280),
(170,'000170',170,2,3,10,'cash', 280),
(171,'000171',171,2,3,10,'cash', 280),
(172,'000172',172,2,3,10,'cash', 280),
(173,'000173',173,2,3,10,'cash', 280),
(174,'000174',174,2,3,10,'cash', 280),
(175,'000175',175,2,3,10,'cash', 280),
(176,'000176',176,2,3,10,'cash', 280),
(177,'000177',177,2,3,10,'cash', 280),
(178,'000178',178,2,3,10,'cash', 280),
(179,'000179',179,2,3,10,'cash', 280),
(180,'000180',180,2,3,10,'cash', 280),
(181,'000181',181,2,3,10,'cash', 280),
(182,'000182',182,2,3,10,'cash', 280),
(183,'000183',183,2,3,10,'cash', 280),
(184,'000184',184,2,3,10,'cash', 280),
(185,'000185',185,2,3,10,'cash', 280),
(186,'000186',186,2,3,10,'cash', 280),
(187,'000187',187,2,3,10,'cash', 280),
(188,'000188',188,2,3,10,'cash', 280),
(189,'000189',189,2,3,10,'cash', 280),
(190,'000190',190,2,3,10,'cash', 280),
(191,'000191',191,2,3,10,'cash', 280),
(192,'000192',192,2,3,10,'cash', 280),
(193,'000193',193,2,3,10,'cash', 280),
(194,'000194',194,2,3,10,'cash', 280),
(195,'000195',195,2,3,10,'cash', 280),
(196,'000196',196,2,3,10,'cash', 280),
(197,'000197',197,2,3,10,'cash', 280),
(198,'000198',198,2,3,10,'cash', 280),
(199,'000199',199,2,3,10,'cash', 280),
(200,'000200',200,2,3,10,'cash', 280),
(201,'000201',201,2,3,10,'cash', 280),
(202,'000202',202,2,3,10,'cash', 280),
(203,'000203',203,2,3,10,'cash', 280),
(204,'000204',204,2,3,10,'cash', 280),
(205,'000205',205,2,3,10,'cash', 280),
(206,'000206',206,2,3,10,'cash', 280),
(207,'000207',207,2,3,10,'cash', 280),
(208,'000208',208,2,3,10,'cash', 280),
(209,'000209',209,2,3,10,'cash', 280),
(210,'000210',210,2,3,10,'cash', 280),
(211,'000211',211,2,3,10,'cash', 280),
(212,'000212',212,2,3,10,'cash', 280),
(213,'000213',213,2,3,10,'cash', 280),
(214,'000214',214,2,3,10,'cash', 280),
(215,'000215',215,2,3,10,'cash', 280),
(216,'000216',216,2,3,10,'cash', 280),
(217,'000217',217,2,3,10,'cash', 280),
(218,'000218',218,2,3,10,'cash', 280),
(219,'000219',219,2,3,10,'cash', 280),
(220,'000220',220,2,3,10,'cash', 280),
(221,'000221',221,2,3,10,'cash', 280),
(222,'000222',222,2,3,10,'cash', 280),
(223,'000223',223,2,3,10,'cash', 280),
(224,'000224',224,2,3,10,'cash', 280),
(225,'000225',225,2,3,10,'cash', 280),
(226,'000226',226,2,3,10,'cash', 280),
(227,'000227',227,2,3,10,'cash', 280),
(228,'000228',228,2,3,10,'cash', 280),
(229,'000229',229,2,3,10,'cash', 280),
(230,'000230',230,2,3,10,'cash', 280),
(231,'000231',231,2,3,10,'cash', 280),
(232,'000232',232,2,3,10,'cash', 280),
(233,'000233',233,2,3,10,'cash', 280),
(234,'000234',234,2,3,10,'cash', 280),
(235,'000235',235,2,3,10,'cash', 280),
(236,'000236',236,2,3,10,'cash', 280),
(237,'000237',237,2,3,10,'cash', 280),
(238,'000238',238,2,3,10,'cash', 280),
(239,'000239',239,2,3,10,'cash', 280),
(240,'000240',240,2,3,10,'cash', 280),
(241,'000241',241,2,3,10,'cash', 280),
(242,'000242',242,2,3,10,'cash', 280),
(243,'000243',243,2,3,10,'cash', 280),
(244,'000244',244,2,3,10,'cash', 280),
(245,'000245',245,2,3,10,'cash', 280),
(246,'000246',246,2,3,10,'cash', 280),
(247,'000247',247,2,3,10,'cash', 280),
(248,'000248',248,2,3,10,'cash', 280),
(249,'000249',249,2,3,10,'cash', 280),
(250,'000250',250,2,3,10,'cash', 280),
(251,'000251',251,2,3,10,'cash', 280),
(252,'000252',252,2,3,10,'cash', 280),
(253,'000253',253,2,3,10,'cash', 280),
(254,'000254',254,2,3,10,'cash', 280),
(255,'000255',255,2,3,10,'cash', 280),
(256,'000256',256,2,3,10,'cash', 280),
(257,'000257',257,2,3,10,'cash', 280),
(258,'000258',258,2,3,10,'cash', 280),
(259,'000259',259,2,3,10,'cash', 280),
(260,'000260',260,2,3,10,'cash', 280),
(261,'000261',261,2,3,10,'cash', 280),
(262,'000262',262,2,3,10,'cash', 280),
(263,'000263',263,2,3,10,'cash', 280),
(264,'000264',264,2,3,10,'cash', 280),
(265,'000265',265,2,3,10,'cash', 280),
(266,'000266',266,2,3,10,'cash', 280),
(267,'000267',267,2,3,10,'cash', 280),
(268,'000268',268,2,3,10,'cash', 280),
(269,'000269',269,3,3,10,'cash', 300),
(270,'000270',270,3,3,10,'cash', 300),
(271,'000271',271,3,3,10,'cash', 300),
(272,'000272',272,3,3,10,'cash', 300),
(273,'000273',273,3,3,10,'cash', 300),
(274,'000274',274,3,3,10,'cash', 300),
(275,'000275',275,3,3,10,'cash', 300),
(276,'000276',276,3,3,10,'cash', 300),
(277,'000277',277,3,3,10,'cash', 300),
(278,'000278',278,3,3,10,'cash', 300),
(279,'000279',279,3,3,10,'cash', 300),
(280,'000280',280,3,3,10,'cash', 300),
(281,'000281',281,3,3,10,'cash', 300),
(282,'000282',282,3,3,10,'cash', 300),
(283,'000283',283,3,3,10,'cash', 300),
(284,'000284',284,3,3,10,'cash', 300),
(285,'000285',285,3,3,10,'cash', 300),
(286,'000286',286,3,3,10,'cash', 300),
(287,'000287',287,3,3,10,'cash', 300),
(288,'000288',288,3,3,10,'cash', 300),
(289,'000289',289,3,3,10,'cash', 300),
(290,'000290',290,3,3,10,'cash', 300),
(291,'000291',291,3,3,10,'cash', 300),
(292,'000292',292,3,3,10,'cash', 300),
(293,'000293',293,3,3,10,'cash', 300),
(294,'000294',294,3,3,10,'cash', 300),
(295,'000295',295,3,3,10,'cash', 300),
(296,'000296',296,3,3,10,'cash', 300),
(297,'000297',297,3,3,10,'cash', 300),
(298,'000298',298,3,3,10,'cash', 300),
(299,'000299',299,3,3,10,'cash', 300);


